ID Number,Unique Views,Cumulative Views,Average Completion,Last Echo Viewed,Last Date Viewed,Bookmarks,Discussion Threads Started,Echoes Downloaded,Live Events Attended
8c6e50577c54bd9ef1def463e2c5a2fb,1,2,1,CAb2022017-02 Topic 09 Assignment 2 + Debouncing + Timers,17/10/2017,0,0,1,0
cdb8860314169f49eec9422c18ea08b6,3,3,1,CAB202 2017 Semester 2 Topic 6 - Pointers,17/10/2017,0,0,4,0
75600a11c7565478b6c080194736c7a7,2,3,0,CAb2022017-02 Topic 09 Assignment 2 + Debouncing + Timers,7/10/2017,0,0,3,0
a765c6bec3a50e84fc3bb44206d1d9fb,5,11,10,CAB202 Semester 2 2017 - topic 7 -- Teensy,16/10/2017,0,0,3,0
e3e24385c2cd3ffb623c9cdae0ac00a9,8,13,12,CAb2022017-02 Topic 09 Assignment 2 + Debouncing + Timers,15/10/2017,0,0,0,0
febcd842695437c2e2dec938bc65ce16,1,1,0,CAB202 2017 Semester 2 Topic 4: Functions,29/08/2017,0,0,2,0
24e6fbe8a76bbe71e3cbc4cd8cdb3a32,8,18,22,CAB202 - Tutorial 9 Intro: LCD (Take 2),22/09/2017,0,0,0,0
f52a3e58bb6432e9ca0f1772be70d4f6,4,4,3,CAb2022017-02 Topic 09 Assignment 2 + Debouncing + Timers,9/10/2017,0,0,1,0
089472d0ce45f347835f87bb7eec93e2,1,1,1,CAB202 Semester 2 2017 - topic 7 -- Teensy,21/09/2017,0,0,0,0
8a593003ab9e211fedfd2c8c50f44629,2,4,4,CAb2022017-02 Topic 09 Assignment 2 + Debouncing + Timers,6/10/2017,0,0,0,0
0863609cf4ec7295ae61570553e88dd2,2,3,1,CAB202 Topic 10 Serial Communications,16/10/2017,0,0,0,0
caa901e2c24877cffebad1a458aade2b,5,5,10,CAB202 - Tutorial 9 Intro: LCD (Take 2),17/10/2017,0,0,0,0
33a402c9fb633bc4f1182c808d9a4914,3,3,1,CAB202 - Topic 10 Intro,13/10/2017,0,0,1,0
e567145c762c06bb233dcfe4d4bf06b8,2,1,1,CAB202 2017_02 Topic 8 LCD,22/09/2017,0,0,3,0
b8c5734d42aea93e22e4cfe71e6f27ac,9,21,26,CAB202 Topic 10 Serial Communications,13/10/2017,0,0,0,0
c498130b0329ea5c14bfb7c1c41106d5,4,6,6,CAB202 Semester 2 2017 - topic 7 -- Teensy,15/10/2017,0,0,0,0
01446e80f462330d2b200cee87b815e3,5,16,9,CAb2022017-02 Topic 09 Assignment 2 + Debouncing + Timers,17/10/2017,0,0,3,0
cccd54761a49935f23df62f4cff43042,2,3,5,CAB202: Intro to Teensy Tutorial,5/10/2017,0,0,0,0
399e318a98f9a1bc831c971a334519cb,4,11,10,CAB202 Semester 2 2017 - topic 7 -- Teensy,15/09/2017,0,0,1,0
521f00428e1fb30c0023c80c0fef3ff1,2,5,3,CAB202 2017 Semester 2 Topic 11 ADC  PWM  Assignment Q+A,19/10/2017,0,0,1,0
501ad6ec32964ca292bf1703462fa6af,8,10,5,CAB202 2017 Semester 2 Topic 11 ADC  PWM  Assignment Q+A,20/10/2017,0,0,1,0
3847fd6965bcaed2be710973a9e607dd,8,29,35,CAb2022017-02 Topic 09 Assignment 2 + Debouncing + Timers,13/10/2017,0,0,1,0
9ff4518ce224f8df2df6357fff62d3c0,3,5,3,CAB202 - Topic 10 Intro (take 2),13/10/2017,0,0,1,0
6172ce091037a01f14d7d218114715a4,1,1,0,CAB202 2017-02 Lecture 1,1/08/2017,0,0,1,0
67fb6171f5b2267cd960158939c5e99c,3,6,10,CAB202 Topic 10 Serial Communications,12/10/2017,0,0,1,0
a36f83abba8bdc55dea47a3862406d6b,4,7,3,CAB202 - Topic 10 Intro (take 2),8/10/2017,0,0,0,0
0f2d5c40d3baaaf284fd53ecd46ee095,2,3,1,CAb2022017-02 Topic 09 Assignment 2 + Debouncing + Timers,19/10/2017,0,0,0,0
0b9df20514b21b39d8396b453bdbeaab,5,5,9,CAB202 2017_02 Topic 8 LCD,11/10/2017,0,0,0,0
d4629dddb4dfeaefac8c7d7ac3e366c5,1,1,2,CAB202 2017 Semester 2 Topic 11 ADC  PWM  Assignment Q+A,17/10/2017,0,0,0,0
d908c522a077473e0dd892266f250669,10,17,32,CAB202 - Topic 10 Intro (take 2),9/10/2017,0,0,2,0
a1133e4aab4908f57727b940fdd62691,1,2,2,CAB202 2017-02 Lecture 1,31/07/2017,0,0,0,0
09e18c02567932117dbbba8ffeac873d,4,9,11,CAb2022017-02 Topic 09 Assignment 2 + Debouncing + Timers,12/10/2017,0,0,0,0
8b67a5ae0319c294d4deb5aec6c92b81,1,2,1,CAB202 Semester 2 2017 - topic 7 -- Teensy,13/09/2017,0,0,1,0
f1c39588548d5bb57c6e1131dd914393,4,5,11,CAB202 - Topic 10 Intro (take 2),8/10/2017,0,0,0,0
47fc97e0f7fb4bf94d83a94adb60ad99,8,14,16,CAB202 - Tutorial 9 Intro: LCD (Take 2),25/04/2018,0,0,0,0
22a31af0899e1ae73f9165e36c5a1f4b,1,3,1,CAB202 Topic 10 Serial Communications,16/10/2017,0,0,1,0
ab279303c12dcfc48d981fd4574f16eb,3,5,4,CAB202 - Topic 10 Intro,19/10/2017,0,0,2,0
1fdd02c61ea308dcd04d83ecd462cbf9,3,6,15,CAB202 Semester 2 2017 - topic 7 -- Teensy,11/09/2017,0,0,0,0
1af53cad04e7461fe35fd4dd7b4d0a7b,1,1,3,CAB202 2017-02 Lecture 1,25/07/2017,0,0,1,0
fb3da68a63190ad3fe550365653ed997,6,8,13,CAb2022017-02 Topic 09 Assignment 2 + Debouncing + Timers,19/10/2017,0,0,0,0
d27ded6de30a5180d8fe56ab5f2847d9,3,9,6,CAB202 2017 Semester 2 Topic 4: Functions,23/08/2017,0,0,1,0
201b8573facb938cfaefcca62eb7ff69,3,3,2,CAB202 - Topic 10 Intro (take 2),6/10/2017,0,0,0,0
389493d895b98db9d12a79960c88af04,7,9,6,CAB202 Topic 10 Serial Communications,12/10/2017,0,0,1,0
9de0c038e11c8f217f7e260a9e8fe796,4,6,13,CAB202 Semester 2 2017 - topic 7 -- Teensy,15/09/2017,0,0,0,0
787229b6bd4f4f0b0dbf930f4d04fa3a,3,14,6,CAB202 - Topic 10 Intro (take 2),7/10/2017,0,0,1,0
f4a82107f332d05832bf508a182ff41f,1,1,0,CAb202 2017-02 Topic 3,7/09/2017,0,0,0,0
ac857355252989627996491e136ae2d4,2,3,4,CAB202 - Topic 10 Intro (take 2),9/10/2017,0,0,1,0
8776b3d4be86aeffb1ae570528091d45,3,4,2,CAb2022017-02 Topic 09 Assignment 2 + Debouncing + Timers,5/10/2017,0,0,1,0
3a65ffc624f2773a1559e356b529e188,3,3,8,CAB202 - Tutorial 8 Intro,7/10/2017,0,0,2,0
38ef82b077cea8682c2d10e7b57c6e8b,1,9,1,CAB202 2017-02 Lecture 1,25/07/2017,0,0,1,0
609af008b67073f03854f39b7bfbd971,11,16,18,CAB202 Topic 10 Serial Communications,11/10/2017,0,0,3,0
247e267ab7e062242d1c1f29524b7cf3,2,4,1,CAb2022017-02 Topic 09 Assignment 2 + Debouncing + Timers,17/10/2017,0,0,0,0
ef574e2e3714da00edb93324bed6be78,1,2,3,CAB202 2017_02 Topic 8 LCD,11/10/2017,0,0,0,0
76e4c1c36f95a6b4b334b6008249dba8,1,8,4,CAb2022017-02 Topic 09 Assignment 2 + Debouncing + Timers,20/10/2017,0,0,0,0
03cac9f79200e24ac855031013d07c74,2,2,3,CAB202 Semester 2 2017  Topic 2,11/08/2017,0,0,0,0
1f3c1213177f97bff1667e8d7cd775ef,2,2,1,CAB202 2017_02 Topic 8 LCD,14/09/2017,0,0,3,0
9c2cde2f41a45909acda43fe119d47bd,1,1,1,CAB202 Semester 2 2017  Topic 2,4/08/2017,0,0,0,0
b8a796c057944e2ae72cdb0fe084e63b,2,4,1,CAB202 2017_02 Topic 8 LCD,20/09/2017,0,0,3,0
91b550627795d53c93bf54c8bde5d007,2,4,1,CAB202 Topic 10 Serial Communications,19/10/2017,0,0,0,0
234458e4e5af160adc3504599279d74f,3,3,10,CAb2022017-02 Topic 09 Assignment 2 + Debouncing + Timers,18/10/2017,0,0,0,0
4a8ce5b2ae0230f747631e5e4912067a,2,4,6,CAB202 Semester 2 2017  Topic 2,8/09/2017,0,0,0,0
137671ce284ab968dd92f0dd76b035f4,9,15,35,CAB202 - Topic 10 Intro,17/10/2017,0,0,0,0
304fa6d418b2af0bf8987af215cb53d3,9,30,24,CAb2022017-02 Topic 09 Assignment 2 + Debouncing + Timers,12/10/2017,0,0,0,0
57d57d3bee980f5d5f58b98bf109e80b,13,22,47,CAB202 Topic 10 Serial Communications,11/10/2017,0,0,0,0
42d533071ae6a47b3651cdaa791ebdbf,2,2,0,CAb202 2017-02 Topic 3,7/09/2017,0,0,1,0
65e08dff3691e62be4af3ee451e95ab2,8,16,22,CAb2022017-02 Topic 09 Assignment 2 + Debouncing + Timers,17/10/2017,0,0,2,0
f4364f1c7c442e370bb83e5af8abb39d,2,4,3,CAB202 2017 Semester 2 Topic 11 ADC  PWM  Assignment Q+A,20/10/2017,0,0,3,0
9ac52592d32b6a073d9481d0e06b49f5,1,1,0,CAB202 2017-02 Lecture 1,11/08/2017,0,0,0,0
066b04ff7d2bac16698d004e6cca9fc5,9,17,11,CAB202 2017 Semester 2 Topic 11 ADC  PWM  Assignment Q+A,23/10/2017,0,0,1,0
fb62d10f81fabf652e1eaa1477e3ae52,5,7,5,CAB202 Semester 2 2017 - topic 7 -- Teensy,25/10/2017,0,0,1,0
6ebcb5da2e94fcfd36b117a3e4a5ab41,2,2,7,CAB202 Tutorial 10 - Introduction,3/10/2017,0,0,2,0
787a3470d6dd69e8a74e14f20dfe899a,5,8,16,CAB202 Topic 10 Serial Communications,20/10/2017,0,0,1,0
6b0466edef6fe5384fbcb6469dd94cc5,4,8,12,CAB202 2017 Semester 2 Topic 11 ADC  PWM  Assignment Q+A,20/10/2017,0,0,0,0
a9515f95d8206776bf24e8d6795b7365,8,16,7,CAB202 Topic 10 Serial Communications,12/10/2017,0,0,2,0
9a0f0b0e7f26f04674ef25b97f9ffc0f,1,1,0,CAb2022017-02 Topic 09 Assignment 2 + Debouncing + Timers,2/10/2017,0,0,3,0
b3b2b3bf8621382200fe509ef1e3a87f,7,13,13,CAB202 Semester 2 2017 - topic 7 -- Teensy,16/10/2017,0,0,1,0
5bf648acc6b174fc061ffc04b7ae4c96,1,1,0,CAB202 2017_02 Topic 8 LCD,21/09/2017,0,0,0,0
ab49a318586e0279823862bb1c115d88,2,3,3,CAB202 Semester 2 2017 - topic 7 -- Teensy,26/09/2017,0,0,0,0
489db1f36a624bf17511d9c68bfdfe9a,1,1,1,CAB202 2017 Semester 2 Topic 5 - Arrays,22/08/2017,0,0,1,0
d1b8ad04e634fc4e70a286a3ade12e1a,1,1,1,CAB202 2017-02 Lecture 1,24/07/2017,0,0,1,0
97a4c049f85d845174c5811b291eccf9,0,1,0,CAB202 Semester 2 2017 - topic 7 -- Teensy,14/09/2017,0,0,1,0
2c88e1e579b9eb9b8e68cbacd8a8f538,4,11,5,CAb2022017-02 Topic 09 Assignment 2 + Debouncing + Timers,7/10/2017,0,0,2,0
a2c8ab46e51d984b4d3e95cf89643122,3,3,6,CAB202: Intro to Teensy Tutorial,9/09/2017,0,0,2,0
f819e01330ef304ab7241fd30b11d8df,2,5,3,CAB202 Topic 10 Serial Communications,20/10/2017,0,0,1,0
c4ca6cb6e4d45f1033b152f539efd572,4,7,8,CAb2022017-02 Topic 09 Assignment 2 + Debouncing + Timers,11/10/2017,0,0,2,0
27379a80ed27e692354d4e0abc1ad399,4,6,7,CAB202 Topic 10 Serial Communications,20/10/2017,0,0,1,0
e16b1a7d14869d39d3d0e4ef3417d290,3,4,5,CAB202 2017 Semester 2 Topic 11 ADC  PWM  Assignment Q+A,20/10/2017,0,0,1,0
75b2a633fc2ba2ede5fe15e6a46a6fbe,6,8,10,CAB202 Topic 10 Serial Communications,19/10/2017,0,0,0,0
fb9e69f5b7dba28b3ceeb52c21ac3c6f,4,13,11,CAB202 - Tutorial 8 Intro,21/09/2017,0,0,3,0
7ac2945b356f7c1a555dd7a835113654,5,5,2,CAb2022017-02 Topic 09 Assignment 2 + Debouncing + Timers,29/09/2017,0,0,0,0
aa33e8890ee952cfb35cb78f2ecf9505,4,17,20,CAB202 Tutorial 10 - Introduction,9/10/2017,0,0,0,0
b553e8545cdabcab2510c58c6efa7481,1,1,1,CAB202 2017-02 Lecture 1,31/07/2017,0,0,1,0
fcf48e4db9d017e4d9d754506eac4310,4,4,2,CAB202 2017_02 Topic 8 LCD,17/10/2017,0,0,0,0
af9c46773a0e51fdebfbf872ff241a06,3,5,3,CAb202 2017-02 Topic 3,9/08/2017,0,0,0,0
8ea2d17e1b7a514de5b40135c2eec57a,7,14,28,CAB202 2017 Semester 2 Topic 6 - Pointers,3/10/2017,0,0,4,0
ae008eb797ab12a0b330b63d6c0d04fe,6,9,7,CAB202 - Tutorial 8 Intro,19/09/2017,0,0,0,0
b86ff0dade8273775e095885770c5734,2,2,1,CAB202 2017 Semester 2 Topic 11 ADC  PWM  Assignment Q+A,17/10/2017,0,0,1,0
7cf9317a9a666aefe4c2d22fb3807ad0,3,3,0,CAB202 Semester 2 2017 - topic 7 -- Teensy,4/09/2017,0,0,1,0
435e7fab82511cbcfa6202a9499a3110,7,11,11,CAB202 - Topic 10 Intro (take 2),8/10/2017,0,0,1,0
63304707ecde021b746f7838be423eb2,2,5,5,CAB202 Semester 2 2017  Topic 2,11/08/2017,0,0,0,0
b0e0ede1e3da78716cf0d2b0ea374f5e,7,8,6,CAB202 - Topic 10 Intro (take 2),9/10/2017,0,0,0,0
97812e0a03358772d011f9eec9ea43d8,7,11,6,CAB202 Tutorial 10 - Introduction,3/10/2017,0,0,2,0
811fbd7f04fbcc32460b85397870e3ef,1,1,5,CAB202 2017-02 Lecture 1,28/07/2017,0,0,1,0
2f2c2b6020081c2454c96dfc4c968bd1,6,14,15,CAB202 2017_02 Topic 8 LCD,19/09/2017,0,0,1,0
1eddc9250775a7f8e6197ec366dcd138,3,7,4,CAB202 Semester 2 2017  Topic 2,21/08/2017,0,0,0,0
ac008afa6ab4c1bba10c69ff1de40643,2,4,7,CAB202 2017_02 Topic 8 LCD,18/09/2017,0,0,0,0
5cb39579bd4aa31d79cc46fc3b6ec282,1,1,1,CAb2022017-02 Topic 09 Assignment 2 + Debouncing + Timers,5/10/2017,0,0,2,0
350643480d2e99e4b18bf8da69b97487,5,9,11,CAb2022017-02 Topic 09 Assignment 2 + Debouncing + Timers,25/09/2017,0,0,0,0
5e1f19103528effe402c5d510a631d71,11,15,18,CAb2022017-02 Topic 09 Assignment 2 + Debouncing + Timers,18/09/2017,0,0,0,0
9e482560406ad7a110f4c08975c089ca,4,6,6,CAB202 2017 Semester 2 Topic 11 ADC  PWM  Assignment Q+A,18/10/2017,0,0,0,0
cc0c3227cfe3bca65ec13ac915bfc270,2,5,1,CAB202 2017-02 Lecture 1,9/09/2017,0,0,1,0
ac8a89437e0599e7d51398a7189e6d0a,1,1,2,CAB202: Intro to Teensy Tutorial,12/09/2017,0,0,1,0
d03a003682a90a407a4c80a15eb4ea8d,7,29,18,CAb2022017-02 Topic 09 Assignment 2 + Debouncing + Timers,20/10/2017,0,0,1,0
7fe635b7fba9d16c74a75e73d6b7fc0f,1,1,1,CAB202 Semester 2 2017  Topic 2,4/08/2017,0,0,1,0
a859b65d560bcff1e9399ef4c265386f,11,25,42,CAB202: Intro to Teensy Tutorial,24/10/2017,0,0,0,0
693bb656ef556d51fb7d161a0f7c3452,3,6,7,CAB202 2017-02 Lecture 1,6/11/2017,0,0,0,0
e1307627fcbd937aec907b2aaf291eee,3,7,5,CAB202 Topic 10 Serial Communications,13/10/2017,0,0,3,0
a8936ab4224904e322862be94165f5a7,1,1,1,CAB202 Semester 2 2017 - topic 7 -- Teensy,16/10/2017,0,0,0,0
5212b5fac3e91e4eeff904216cc1700a,1,2,1,CAB202 2017-02 Lecture 1,30/07/2017,0,0,1,0
4ed1a151d0446376d7c4e494bf880257,1,2,2,CAB202 Topic 10 Serial Communications,12/10/2017,0,0,1,0
adecaee5368ca5e8f545851bdbae71b1,14,32,63,CAB202 Lecture 13,23/11/2017,0,0,3,0
4a12fdef493cb0383829460efe22d12e,1,1,0,CAB202 Semester 2 2017  Topic 2,7/08/2017,0,0,1,0
115cff7fb1b04a2f2579a0406d718053,6,13,26,CAB202 2017 Semester 2 Topic 11 ADC  PWM  Assignment Q+A,20/10/2017,0,0,1,0
93fd3ccffa694de158413384f4309c63,3,5,2,CAb2022017-02 Topic 09 Assignment 2 + Debouncing + Timers,5/10/2017,0,0,1,0
1a82d65cb6ba350416202176ee904ec6,1,3,0,CAB202 Semester 2 2017 - topic 7 -- Teensy,15/09/2017,0,0,1,0
72adadb76f5b7ea84db9d75dd51736ef,3,6,7,CAB202 Semester 2 2017  Topic 2,20/08/2017,0,0,0,0
25a4e136ca4b12e6e0b9b2f8bd5def59,12,18,34,CAB202 Topic 10 Serial Communications,18/10/2017,0,0,1,0
065723007f18dcfe36e6d96615477cfa,2,2,3,CAB202 - Tutorial 8 Intro,14/09/2017,0,0,0,0
7c36eacd4828becc690bef08f533c853,1,2,1,CAB202 2017 Semester 2 Topic 5 - Arrays,7/09/2017,0,0,0,0
a518e52f7ecbb6d0e4c44a2d5f6279bc,2,4,1,CAb2022017-02 Topic 09 Assignment 2 + Debouncing + Timers,19/09/2017,0,0,0,0
b88c4aa0fd187d5bd8ac26607b44d5b9,6,14,11,CAb2022017-02 Topic 09 Assignment 2 + Debouncing + Timers,16/10/2017,0,0,0,0
b6f4a4ad09cd6b44561c475e57dd3106,8,24,15,CAB202 2017_02 Topic 8 LCD,22/09/2017,0,0,0,0
515a0cbb8ca1916f7b886ab4c6d0e4c7,1,4,2,CAB202 Semester 2 2017 - topic 7 -- Teensy,19/10/2017,0,0,0,0
7ef1f9f285cbb5f075e07fae56fb915c,6,14,13,CAB202 2017_02 Topic 8 LCD,20/09/2017,0,0,1,0
43f111bf7bd7824c2e57cde54c2f00fc,2,3,2,CAB202 2017 Semester 2 Topic 11 ADC  PWM  Assignment Q+A,18/10/2017,0,0,3,0
76b356e73791dd9c16fac670a97d2310,4,7,5,CAB202 Semester 2 2017 - topic 7 -- Teensy,17/10/2017,0,0,0,0
fef6281cf19438cfad8307c3a8549dad,2,4,3,CAB202 Semester 2 2017 - topic 7 -- Teensy,6/09/2017,0,0,2,0
dbd5e432791421b363a568ac008fcdd7,7,18,15,CAB202 2017 Semester 2 Topic 11 ADC  PWM  Assignment Q+A,20/10/2017,0,0,2,0
09f39001b4d030aa0147fffacc0b9a6c,8,15,10,CAb2022017-02 Topic 09 Assignment 2 + Debouncing + Timers,5/10/2017,0,0,1,0
e802eb945f56a09e2e3a253e7ecf1250,5,8,12,CAB202 2017-02 Lecture 1,11/12/2017,0,0,0,0
ee980a592623321a45e8aa0b061c8c5c,8,21,10,CAb2022017-02 Topic 09 Assignment 2 + Debouncing + Timers,7/10/2017,0,0,1,0
31191262645e76adb367cb188b14a9d7,7,17,5,CAB202 2017 Semester 2 Topic 11 ADC  PWM  Assignment Q+A,17/10/2017,0,0,1,0
e499574f7f4002c02c6e5313cc41b7c9,5,11,15,CAb2022017-02 Topic 09 Assignment 2 + Debouncing + Timers,22/09/2017,0,0,1,0
e3df40dfa809b42b912ef1460578bcba,1,1,4,CAB202 2017-02 Lecture 1,26/07/2017,0,0,0,0
7484223b3865c328810dce991c3c15c3,1,1,0,CAB202 2017 Semester 2 Topic 5 - Arrays,21/08/2017,0,0,0,0
7f5e3c3d25ac6e067940af3701356928,0,1,0,CAB202 2017 Semester 2 Topic 11 ADC  PWM  Assignment Q+A,18/10/2017,0,0,2,0
ecbeac8bbae63a0207cb5e4f3f67641c,8,11,28,CAB202 Topic 10 Serial Communications,16/10/2017,0,0,0,0
48c178c5b000ea6853f7e6a7a18501fa,3,4,5,CAb2022017-02 Topic 09 Assignment 2 + Debouncing + Timers,1/10/2017,0,0,1,0
d8e6f772e75955e891bc2f01a04a4375,1,1,1,CAb2022017-02 Topic 09 Assignment 2 + Debouncing + Timers,6/10/2017,0,0,0,0
1c7ace9cf9a1b772daab5cf46dfdc5e3,8,13,13,CAB202 Semester 2 2017 - topic 7 -- Teensy,18/10/2017,0,0,1,0
98c3b275ad80126a46924176b7a431d0,1,1,2,CAB202 - Tutorial 8 Intro,15/09/2017,0,0,2,0
2f2280ccfae6b09968e0572abbbc4cd9,1,1,5,CAB202 - Tutorial 9 Intro: LCD (Take 2),29/09/2017,0,0,0,0
3c47b848551c53b1dc848c1d840b7bc4,2,2,4,CAB202 Semester 2 2017 - topic 7 -- Teensy,14/09/2017,0,0,2,0
370bdd90863f4003c2bd249850e97be9,1,3,1,CAb2022017-02 Topic 09 Assignment 2 + Debouncing + Timers,28/09/2017,0,0,1,0
3f50a25c0c339f6a0493a81aa2fcf1f4,5,18,10,CAb2022017-02 Topic 09 Assignment 2 + Debouncing + Timers,9/10/2017,0,0,0,0
c46a671fb80b4a9ab95b63f4f869806f,1,1,0,CAb2022017-02 Topic 09 Assignment 2 + Debouncing + Timers,16/10/2017,0,0,0,0
2459eaa869e9789856246a3cf3448180,2,1,1,CAB202 Semester 2 2017  Topic 2,4/08/2017,0,0,3,0
83271101a963edd96e13801722c15b53,2,2,2,CAb2022017-02 Topic 09 Assignment 2 + Debouncing + Timers,20/10/2017,0,0,1,0
9dad13fc428a3df87595c16a55da5b1f,9,9,9,CAB202 - Topic 10 Intro,27/10/2017,0,0,1,0
7ea6afec2d3bd59a1058f7aab78291c8,2,3,2,CAB202 Tutorial 10 - Introduction,4/10/2017,0,0,0,0
4830055c1302072d290f0ac3997edcfd,3,4,2,CAB202 2017_02 Topic 8 LCD,10/10/2017,0,0,9,0
e86b0979a277347ca824900114b25467,1,1,0,CAB202 2017-02 Lecture 1,28/07/2017,0,0,2,0
f2a777c5b8f7bbeb86122d1b8decd29a,6,10,11,CAB202 2017 Semester 2 Topic 5 - Arrays,31/08/2017,0,0,1,0
cc456b15e745ba7b745816fa7717fc18,9,16,21,CAB202 Topic 10 Serial Communications,20/10/2017,0,0,1,0
758b77b6ea30a8cf6fd39461f69ff534,1,1,2,CAB202 Semester 2 2017 - topic 7 -- Teensy,15/09/2017,0,0,1,0
49c8163690eeefec38d61cae9ba5e3a8,9,40,36,CAb2022017-02 Topic 09 Assignment 2 + Debouncing + Timers,19/10/2017,0,0,2,0
d2cb9182db05de1b26e43d015bea7d1f,7,20,13,CAb2022017-02 Topic 09 Assignment 2 + Debouncing + Timers,17/10/2017,0,0,0,0
7930857bb1dd781034e06873df5a43cf,16,53,42,CAB202: Intro to Teensy Tutorial,17/10/2017,0,0,0,0
efad62844eb0b7407e90944d41aea48c,1,3,5,CAB202 2017-02 Lecture 1,4/08/2017,0,0,2,0
fb704d39f2697f871ad8bc9ed4aaeb3b,7,7,19,CAB202 - Topic 10 Intro,14/10/2017,0,0,2,0
b77315cac06c1e2b828dc33d4b2585d4,1,1,1,CAB202 Topic 10 Serial Communications,13/10/2017,0,0,1,0
803ede93eb31ada68da4ee085098db8c,7,11,19,CAB202 2017-02 Lecture 1,11/10/2017,0,0,0,0
3bf8b5dd9a6a48ffde7308d9874a5958,8,15,29,CAB202 2017_02 Topic 8 LCD,12/10/2017,0,0,0,0
2c9a363d1353b5ea02879e2b42062402,2,17,6,CAb202 2017-02 Topic 3,18/08/2017,0,0,0,0
9a0300d7ddf161ca0967aee979d7b5b1,1,3,1,CAB202 Semester 2 2017  Topic 2,29/08/2017,0,0,1,0
9c325cd600aa77877f68f249800c6f6c,10,28,21,CAB202 2017 Semester 2 Topic 11 ADC  PWM  Assignment Q+A,17/10/2017,0,0,0,0
5b4612e1f418eb10e77677fb632dbee8,4,6,2,CAB202 - Topic 10 Intro (take 2),15/10/2017,0,0,3,0
231737753a5dc5cc699c49af51b2038b,6,14,25,CAb2022017-02 Topic 09 Assignment 2 + Debouncing + Timers,4/10/2017,0,0,0,0
7c76ef8058b276589ef378035ec8bc16,4,10,12,CAB202 Semester 2 2017 - topic 7 -- Teensy,15/09/2017,0,0,0,0
279e347fbc2a6ff2d342165d1c38364b,1,1,3,CAB202 2017 Semester 2 Topic 5 - Arrays,21/08/2017,0,0,0,0
96cfd12a24fe0c855bc55b6a1e25b823,4,4,3,CAB202 2017 Semester 2 Topic 5 - Arrays,7/09/2017,0,0,0,0
d7c0fe7a83366b62011b7eff9e7b5097,3,4,5,CAb2022017-02 Topic 09 Assignment 2 + Debouncing + Timers,4/10/2017,0,0,1,0
131f72eb305b5e9fde58509527568535,2,2,1,CAb2022017-02 Topic 09 Assignment 2 + Debouncing + Timers,6/10/2017,0,0,0,0
5c1c3cb788724accbe38a888fcd17dec,3,9,11,CAb2022017-02 Topic 09 Assignment 2 + Debouncing + Timers,19/10/2017,0,0,0,0
201ddb34972923a47dfab7a651672bd2,2,2,1,CAB202 Semester 2 2017  Topic 2,21/08/2017,0,0,3,0
1e0e3da1fb264bbf9714ccc6d31b2a20,7,18,19,CAB202 Topic 10 Serial Communications,16/10/2017,0,0,3,0
397966a1fe57b86e630313ec7d71040f,2,2,6,CAB202 2017_02 Topic 8 LCD,21/09/2017,0,0,1,0
3c5fa190a53157757ab2e88704cadcac,2,3,2,CAB202 2017 Semester 2 Topic 11 ADC  PWM  Assignment Q+A,20/10/2017,0,0,3,0
543b121866cdc81fdd233f831cf09cd1,2,2,1,CAB202 2017 Semester 2 Topic 11 ADC  PWM  Assignment Q+A,19/10/2017,0,0,0,0
2b2eb7a64113f9aa83292ef537147683,5,11,6,CAb2022017-02 Topic 09 Assignment 2 + Debouncing + Timers,5/10/2017,0,0,1,0
6db745d1957786e3cdb49c130760d587,5,9,15,CAB202 Topic 10 Serial Communications,16/10/2017,0,0,0,0
2d5b3a6525d06bde2f9e6a0b56ebc27f,5,8,6,CAB202 - Tutorial 8 Intro,22/09/2017,0,0,0,0
40bb2b5ccbfc7b31cbc296469a1834e0,15,30,55,CAb2022017-02 Topic 09 Assignment 2 + Debouncing + Timers,18/10/2017,0,0,0,0
f8a6d6efa5cb51fcb69470374954060b,2,2,0,CAB202 Semester 2 2017  Topic 2,2/08/2017,0,0,1,0
d14ba67d4d05b41bff6660807a7dc7d8,1,1,0,CAB202 2017-02 Lecture 1,11/08/2017,0,0,0,0
c12b365911505002fcb7f618e3fb5a1d,5,7,14,CAB202 Topic 10 Serial Communications,19/10/2017,1,0,0,0
a592ff16b2f19249d3eeaa25c2878623,1,2,1,CAB202 Tutorial 10 - Introduction,4/10/2017,0,0,1,0
84c1e1caa234d77cf41bacccc108c1ab,1,1,0,CAB202 Semester 2 2017 - topic 7 -- Teensy,16/10/2017,0,0,1,0
54f17155ba7c8a785ec2661a8b8c7e99,7,8,9,CAB202 Topic 10 Serial Communications,19/10/2017,0,0,0,0
faa13cca540f39d191b0296bc3abb309,1,1,2,CAB202 Semester 2 2017  Topic 2,29/08/2017,0,0,1,0
1297db210ec762d54722fc433c931b49,10,17,14,CAB202 - Tutorial 8 Intro,15/10/2017,0,0,0,0
2cf9487a9483e7e2058cce3c9c7a959f,2,2,3,CAB202 Semester 2 2017 - topic 7 -- Teensy,10/10/2017,0,0,1,0
79e8336ef33466c11cdcf9714a7e54db,1,0,0,,0/01/1900,0,1,0,
0a13b42fb6042857f05b17d9e9ad2173,11,36,17,CAB202 2017-02 Lecture 1,20/02/2018,0,0,0,0
bec47530b81608b4ef0eb7f1e04bc4bb,7,7,21,CAB202 Topic 10 Serial Communications,17/10/2017,0,0,0,0
4b369e8b44f295c7972dafbc3a466f9b,5,33,13,CAb202 2017-02 Topic 3,6/09/2017,0,0,1,0
7f6df982a36b516c9f1f990015d64ea1,1,1,0,CAB202 2017 Semester 2 Topic 4: Functions,27/08/2017,0,0,0,0
c57b3758b2a8761f8ea9117857ec273e,7,16,25,CAB202 2017_02 Topic 8 LCD,3/10/2017,0,0,0,0
1196cde7145a5017f8d0a6101ca3043f,8,19,26,CAB202 Semester 2 2017 - topic 7 -- Teensy,17/10/2017,0,0,1,0
bd0132dfdd45de80b97c50f2057875c8,2,5,4,CAB202 Semester 2 2017 - topic 7 -- Teensy,5/09/2017,0,0,0,0
055debb073b45a3b219d7019c0e53e81,1,1,0,CAB202 Topic 10 Serial Communications,9/10/2017,0,0,2,0
c437819f9ffdf71eebb6a339c4e8ed57,2,4,5,CAB202 Topic 10 Serial Communications,14/10/2017,0,0,2,0
53db210fac43716064e45de16bc37b86,1,1,0,CAB202 Semester 2 2017  Topic 2,8/08/2017,0,0,3,0
c105cef2fda0da66cb2667d9656a8d6b,4,19,13,CAb202 2017-02 Topic 3,6/09/2017,0,0,2,0
f472af0586461d7124741264aed80e6f,3,3,5,CAb2022017-02 Topic 09 Assignment 2 + Debouncing + Timers,8/10/2017,0,0,0,0
926174134f305e536261e6be4eac3279,2,4,2,CAB202 2017-02 Lecture 1,2/08/2017,0,0,0,0
f3a958d40f947c67120e1f9fe0df6fef,1,6,4,CAB202 2017-02 Lecture 1,31/07/2017,0,0,0,0
09ee1913ca589f2f647396e233d47fc3,2,2,2,CAB202: Intro to Teensy Tutorial,11/09/2017,0,0,0,0
286f0b5f515ea71881d960ed4b001d05,3,8,5,CAB202 2017-02 Lecture 1,3/12/2017,0,0,1,0
e17000b56750d1aafd4aed97ee0c185a,3,12,14,CAB202 2017 Semester 2 Topic 4: Functions,28/08/2017,0,0,4,0
8517a6466386c1fe9fef43be776d3d7b,6,17,23,CAb2022017-02 Topic 09 Assignment 2 + Debouncing + Timers,20/10/2017,0,0,0,0
b92c890869b5c9cf66eabccfb65ff9d4,7,18,20,CAB202 - Tutorial 9 Intro: LCD (Take 2),2/10/2017,0,0,0,0
2130bce3c598d93c121e34465b7403da,1,1,1,CAB202 2017 Semester 2 Topic 5 - Arrays,21/08/2017,0,0,0,0
bc7156e9107cce6542a0ab7bb77be43f,4,7,6,CAB202 Semester 2 2017 - topic 7 -- Teensy,22/09/2017,0,0,0,0
f8d862908ce2053f91c21137a3cb89f4,5,12,11,CAB202 - Tutorial 8 Intro,15/09/2017,0,0,0,0
04b11b9afc583859eea8938170e50881,1,3,2,CAB202 2017-02 Lecture 1,3/08/2017,0,0,0,0
bbc2a3a23360b46112a62ce5fb3d2272,2,2,7,CAB202 2017 Semester 2 Topic 5 - Arrays,23/08/2017,0,0,0,0
51994504783b7a4041f108e7812d7957,1,2,3,CAB202 2017-02 Lecture 1,5/08/2017,0,0,0,0
1d17d792bcf7557168d12ae20937465d,2,2,1,CAB202 2017 Semester 2 Topic 11 ADC  PWM  Assignment Q+A,18/10/2017,0,0,1,0
0b4041fa140171150bb19bc957dc3856,3,4,3,CAB202 Semester 2 2017 - topic 7 -- Teensy,14/09/2017,0,0,1,0
7196f341d97b1e772293ca8d7ee79ba6,3,3,3,CAb2022017-02 Topic 09 Assignment 2 + Debouncing + Timers,5/10/2017,0,0,2,0
ed09caf2072d1454a51fdbd3a82c08b5,4,4,6,CAB202 2017-02 Lecture 1,6/09/2017,0,0,0,0
76311f4c367d434b7e18f8eefd1c6ecb,1,1,1,CAB202 2017 Semester 2 Topic 4: Functions,15/08/2017,0,0,0,0
3307d5a7ba49d30c4d2a460706437c3d,11,38,25,CAB202 Topic 10 Serial Communications,15/10/2017,0,0,0,0
5374587e416b9676dd83d26d8c24b536,1,3,0,CAb2022017-02 Topic 09 Assignment 2 + Debouncing + Timers,15/10/2017,0,0,1,0
bec2cf4e2c89fce62c50ff581a62ccf3,1,2,4,CAb2022017-02 Topic 09 Assignment 2 + Debouncing + Timers,16/10/2017,0,0,0,0
2c35384629ddb761bbb346f9696a4b24,1,1,0,CAB202 Semester 2 2017  Topic 2,8/08/2017,0,0,0,0
b42f7a90cca7b850a1a4818f193d0d8a,2,2,3,CAB202 - Tutorial 9 Intro: LCD (Take 2),17/10/2017,0,0,0,0
9393aeefeff7c7c57dc4c6617d7d4638,4,10,5,CAB202 Topic 10 Serial Communications,15/10/2017,0,0,0,0
1bdbf72bec3c215da0bb0eaf9085e0e5,4,12,7,CAb2022017-02 Topic 09 Assignment 2 + Debouncing + Timers,16/10/2017,0,0,0,0
068324907f236232716b6ceb015a353d,6,10,6,CAB202 Semester 2 2017 - topic 7 -- Teensy,12/10/2017,0,0,1,0
f71e39992b545086ecf7c45f9002aa78,7,20,12,CAB202 - Topic 10 Intro (take 2),16/10/2017,0,0,1,0
563e232d5336fd61f2762fd18f779227,1,2,1,CAB202 2017-02 Lecture 1,24/07/2017,0,0,2,0
d868565b6c1d8cb456a97d8a236cd750,2,3,1,CAB202 2017-02 Lecture 1,3/08/2017,0,0,0,0
fc983088dd1301d1a83e707bd1238b85,7,11,5,CAB202 2017 Semester 2 Topic 11 ADC  PWM  Assignment Q+A,18/10/2017,0,0,0,0
bb8eb6d64c35d9791d2218ce990d76f0,2,3,2,CAB202 Tutorial 10 - Introduction,4/10/2017,0,0,0,0
1af81a0f957c6055376e2abcb31120a4,5,6,2,CAB202 Topic 10 Serial Communications,16/10/2017,0,0,0,0
cd28413cde62d7144edd9024bad5a022,3,4,3,CAB202 Semester 2 2017 - topic 7 -- Teensy,18/09/2017,0,0,1,0
ff36c252f29d45d2c7a305e39063c661,1,1,3,CAB202 Topic 10 Serial Communications,9/10/2017,0,0,0,0
0d5eaaf93ea8ea5681e47decf268ac92,3,8,3,CAB202 Lecture 13,26/10/2017,0,0,0,0
c5016e703cb002bf133dd8ca40f2dead,4,10,2,CAb2022017-02 Topic 09 Assignment 2 + Debouncing + Timers,15/10/2017,0,0,0,0
4c035bab6514b5ad45c6c3556b403451,1,1,0,CAB202 Semester 2 2017 - topic 7 -- Teensy,10/09/2017,0,0,0,0
e680f242b2148166926b3b09abea1a0f,14,48,43,CAB202 2017 Semester 2 Topic 11 ADC  PWM  Assignment Q+A,17/10/2017,0,0,1,0
f2ade0d1ac7dc585e15994ba25523b83,10,22,19,CAB202 - Topic 10 Intro (take 2),7/10/2017,0,0,1,0
4ce7be730ea6d7e706f446239fef1de9,7,6,9,CAB202 2017_02 Topic 8 LCD,15/09/2017,0,0,0,0
6271bceeb958d460e31aa9fb4d8b87a6,1,1,1,CAB202 Semester 2 2017  Topic 2,6/08/2017,0,0,0,0
46f7019228d658d5fb56ea8f7ba81416,4,6,6,CAb2022017-02 Topic 09 Assignment 2 + Debouncing + Timers,17/10/2017,0,0,0,0
bc3262d43689a8006968ad07042dae6e,9,21,26,CAb2022017-02 Topic 09 Assignment 2 + Debouncing + Timers,18/10/2017,0,0,0,0
a90760c003d4945f87a75e850151d0d4,2,5,7,CAB202 - Topic 10 Intro,15/10/2017,0,0,2,0
bb9fac2365cb1acd51043e8cc2afa754,13,27,13,CAB202 Topic 10 Serial Communications,19/10/2017,0,0,0,0
539c6f656e15a0ff2509cabe29e0463d,6,9,15,CAB202 2017 Semester 2 Topic 11 ADC  PWM  Assignment Q+A,18/10/2017,0,0,0,0
af7d5acbeb886d2b3f047c3950117f77,2,9,3,CAb2022017-02 Topic 09 Assignment 2 + Debouncing + Timers,13/10/2017,0,0,0,0
14ae2e63fddf955a762942eb82a05afe,3,4,11,CAB202 Semester 2 2017 - topic 7 -- Teensy,5/09/2017,0,0,1,0
2934e3aeef09d9923eb3f2828071aa1a,2,2,0,CAB202 Semester 2 2017 - topic 7 -- Teensy,12/10/2017,0,0,1,0
e1ac9454cff69ae2341f13bd82d623ec,1,2,3,CAB202 2017-02 Lecture 1,27/07/2017,0,0,1,0
45238688d16b045fce7edcd3d4ff636a,2,2,2,CAb202 2017-02 Topic 3,8/09/2017,0,0,0,0
c49db459b8622d8fe6f7d1b55cbc7ad8,2,3,0,CAB202 Semester 2 2017  Topic 2,8/08/2017,0,0,1,0
97215d986ece320e4259142c63846032,1,1,1,CAb202 2017-02 Topic 3,8/08/2017,0,0,1,0
acec2470fde49c01bee5ea175e7d17e3,1,2,2,CAb202 2017-02 Topic 3,10/08/2017,0,0,3,0
f9d08d67fc9ba0fb4f9314189398dbfb,1,2,2,CAB202 Semester 2 2017 - topic 7 -- Teensy,19/10/2017,0,0,1,0
cdcddb49cf6f99d2a1de6707c80e1fd2,2,2,0,CAB202 Semester 2 2017  Topic 2,2/08/2017,0,0,0,0
0f8d3cbb6215830b50265031be74fd13,1,1,2,CAB202 2017-02 Lecture 1,17/08/2017,0,0,1,0
656e0ea43a7d0084e020d0a9a732c5ca,1,1,1,CAB202 2017-02 Lecture 1,28/07/2017,0,0,3,0
0ef276a0f985f47058c8ddc1d611fdbc,5,4,12,CAB202 2017 Semester 2 Topic 11 ADC  PWM  Assignment Q+A,20/10/2017,0,0,0,0
fab4dbfc7a0f43b9fbad92e35804956d,1,1,1,CAb2022017-02 Topic 09 Assignment 2 + Debouncing + Timers,9/10/2017,0,0,2,0
326bbf635a28963dda8103ca653c349a,2,2,1,CAB202 2017-02 Lecture 1,7/08/2017,0,0,0,0
57437b7470c7c280d1f276b3de6d5991,1,2,2,CAB202 Semester 2 2017 - topic 7 -- Teensy,6/10/2017,0,0,0,0
984ad4420872c670bdafd3c042d88049,1,1,0,CAB202 Semester 2 2017 - topic 7 -- Teensy,3/10/2017,0,0,1,0
4df046caf078786ae2c98e5eface9f4c,9,23,19,CAB202 2017_02 Topic 8 LCD,24/10/2017,0,0,0,0
064d05667a6b683e895e10bac23cba19,6,6,13,CAB202 - Topic 10 Intro (take 2),7/10/2017,0,0,0,0
7f0a424941f2a777c97b0154f7d4f40e,3,4,4,CAb2022017-02 Topic 09 Assignment 2 + Debouncing + Timers,25/10/2017,0,0,0,0
79746c8571874173ae94c067c858d505,5,10,9,CAB202 2017 Semester 2 Topic 5 - Arrays,6/09/2017,0,0,1,0
053c9aa175e29edb3278b4e4676204c4,10,36,16,CAb2022017-02 Topic 09 Assignment 2 + Debouncing + Timers,16/10/2017,0,0,1,0
515b71aa0c4c629f188416c583991d03,8,21,25,CAB202 - Tutorial 9 Intro: LCD (Take 2),22/09/2017,0,0,1,0
ad0e2a8c30e62b5b5e47f9a187a9bfcf,1,1,0,CAB202 Semester 2 2017  Topic 2,12/08/2017,0,0,2,0
57eda5a9ed709f4c2669f99687448484,7,12,13,CAb2022017-02 Topic 09 Assignment 2 + Debouncing + Timers,20/09/2017,0,0,3,0
12eece923f632edeb3fb2335e2146327,4,10,4,CAB202 2017 Semester 2 Topic 11 ADC  PWM  Assignment Q+A,19/10/2017,0,0,0,0
d90c97e755aa7071665b3dc7497645bb,7,10,10,CAB202 - Topic 10 Intro,16/10/2017,0,0,0,0
526e789d7b0e4e57c7e9f3a03aaae1e3,14,47,52,CAB202 2017 Semester 2 Topic 5 - Arrays,1/04/2018,72,0,1,0
810ab79ae36333eb3d38d564d3006db8,8,12,19,CAB202 2017 Semester 2 Topic 11 ADC  PWM  Assignment Q+A,19/10/2017,0,0,0,0
ba48137657d97eb5f171620674d1ab72,4,3,9,CAB202 2017 Semester 2 Topic 4: Functions,19/08/2017,0,0,0,0
864d32dcfe32d7f1105fff27401700b5,4,10,12,CAB202 Semester 2 2017 - topic 7 -- Teensy,12/10/2017,0,0,0,0
e5983c4c9e141bb3808b8c2b12937a3e,1,1,2,CAB202 2017 Semester 2 Topic 11 ADC  PWM  Assignment Q+A,18/10/2017,0,0,0,0
b68ecf90c36afaea3a2eeee211f6ebf7,7,10,15,CAB202 Semester 2 2017 - topic 7 -- Teensy,16/10/2017,0,0,2,0
a2b9947a92d3fed03e2be906bdf988c5,1,1,1,CAB202 Topic 10 Serial Communications,15/10/2017,0,0,1,0
0f1f99d7fefb8683687a02bbe7ac1ea7,2,3,1,CAB202 - Tutorial 9 - LCD Introduction,20/09/2017,0,0,0,0
25e247752326fdef444de5632f2848c9,5,7,7,CAB202 2017 Semester 2 Topic 4: Functions,28/09/2017,0,0,1,0
